<?xml version='1.0' encoding='utf-8'?>
<!DOCTYPE hibernate-configuration PUBLIC
    "-//Hibernate/Hibernate Configuration DTD//EN"
    "http://www.hibernate.org/dtd/hibernate-configuration-3.0.dtd">
<hibernate-configuration>
  <session-factory>
    <property name="connection.url">jdbc:mysql://localhost:3306/student?serverTimezone=GMT%2B8</property>
    <property name="connection.driver_class">com.mysql.cj.jdbc.Driver</property>
      <mapping class="cn.com.scitc.webapp11701.model.Course"/>
      <mapping class="cn.com.scitc.webapp11701.model.Student"/>
      <mapping class="cn.com.scitc.webapp11701.model.Studentscore"/>
      <!-- <property name="connection.username"/> -->
    <!-- <property name="connection.password"/> -->

    <!-- DB schema will be updated if needed -->
    <!-- <property name="hibernate.hbm2ddl.auto">update</property> -->
  </session-factory>
</hibernate-configuration>